{"loss": 0.09477806836366653, "_timestamp": 1700765601.190155, "_runtime": 80.82176494598389, "_step": 12549, "val_loss": 0.10011601448059082, "prediction_example": {"_type": "plotly-file", "sha256": "ee8e8a3ada9b373aa5eabdb4ce7db3fbd08e75c3fdb0c2a3c2c9d3106e622380", "size": 50394, "path": "media/plotly/prediction_example_12549_ee8e8a3ada9b373aa5ea.plotly.json"}, "_wandb": {"runtime": 80}}