{"loss": 27.786699295043945, "_timestamp": 1700765479.363211, "_runtime": 1.864974021911621, "_step": 249, "_wandb": {"runtime": 1}}