{"loss": 0.7976889610290527, "_timestamp": 1700769031.133721, "_runtime": 29.23656916618347, "_step": 5009, "val_loss": 1.4515596628189087, "prediction_example": {"_type": "plotly-file", "sha256": "66b8b7eba49ba8967ce6fc713c2392a7849baf1c0f6d80e33210d4296a9abbfd", "size": 93312, "path": "media/plotly/prediction_example_4759_66b8b7eba49ba8967ce6.plotly.json"}, "_wandb": {"runtime": 28}}